,accountId
0,u8ZbGTsIPzK1MF-0iTDzFHJIXbAV2v0aZzLp12xbjdOuCzwaOPBg5RdG
1,NVf0Y3E-yCoFrVRTtXLW32wdH1NhrekVhKdyxiWiP3fyjsMQzT78CYrf
2,Ih6aiUfV_xkGIZ7fy0P57hmWKtQpnto805wWuCTIR1uapLjoYFfj9uPL
3,343qllkntYwNVVqfJb86SpTCRwFFk7LJW_ww9xYCyVXMIZw
4,zRknAatvVwsTEsgIQ6Ipx8gtKFFRXl4KoqM4E2pKkz1552V8DArixZDE
5,zGDgNAeyL8NPlxxt-7x2IlLXyKbpbzFNUxJ6K4Wm_i_0ZWbCD3tHNBdb
6,WG8fM93-CtEna0swhbhwDp19q8rbizDQjHpKKgvu5Rlc
7,OfcrdC_vZxFD9Zb9SJ1jXSgfV4MNqtmZRZpOzwzUE6PmNw4GrYCoZsat
8,LOeO_G1OuD-Bgkct28H2mD7EGIfPaIC_Qk_BNhhw2ter89w
9,VboOyeRMjIREaS7BCIsfIvY4dOa11VvXcCIMRM4oEekG69k
10,Q9rdlsRwRiGiLEt2mlAQCeWkjCzFa9qbDqoeKfGlupYnNx1WlMhkbkbE
11,_UfYi7Hz7kEXWKYnFw8tbIqlsMlO66m5s2-BeaqvO79LvV4
12,tvaCnfnGDdKJ2So0Mfiij9Y3_q_NfzGfnHfEUz0thFmBKi5VkXEcUtDw
13,Rpl9VXXkmdbWNS1NmoYLfft0kc4Odp6d6NNbrtvwh0obk4c
14,KcWHO8JAbR5qeaufC3t0rlsdz9KR6S33bbUeL2OzzP5qkQw
15,oycmxSiiKMmifUlRhaRopAczwS-QxlktnjNFwsl9RKX7WcR86jkHXvWI
16,yPCzmVrYZfcFr6FOEGcd8gWihbDOZfYNIYcvQnD2PW-TOLI
17,5KBrMZkYPk2iRH4-EfpcgBSEn7LcyN6eF7PiJFwAFlOP
18,z7m0ksE2dauO2XOdWF3d50gYFSTZitC3FzQJfdAHxyvaW_Y
19,WBDDKpK8xHzblqK1d2r_Ykd2amIRsXvzd1lW6ItF2fJrNtG4BcyjqRNv
20,EoCgws85BIgev1X1Np9cmoczm8lvsH0-GzMHa3yOzqF19mKe5nFuajjs
21,tuBSH9734s3ZPwGdd4G35dS1GK_uGcxrWxXtKlzwd58YVKPSLtFS2Hga
22,NhgueaKlgqfFHzphdwX-vcMTWChJWZHvkVbt0YKl7t-ds9EGx3Ixr7jX
23,tUSRapfiso1SEkXpQJAVQtj9g3DsY1YwqIKBEgFbYZqfQzpHaUxlSsJD
24,N8z6lCnoTvgDFiAGNVr0r2INB305GbaoeNv9g1lZB0Za
25,WnW7_jEoFTkOAL7pgHjpxnr0MLFK4jTahlhORKFRBAX7vxq4afzoc41P
26,410C-FnFWOr89LH1_Tel_fhEcg0M16BLJwCKC9OFpOPz
27,ra4u4qF9pg07iB_cWyXLOxhQBkG5WTQZub6kbhhr7WcPQmPP4wU8zHCO
28,HYhL5QMQL7HRilotXN9nbeSa58Fnd_bvjbPIE6qftA07SWavfnXbv3Kx
29,1CqBYFPc1ALlepC7RWNd_PexsHUH7VZwb4E-jB9a0B_XyLSl2h9MvtkR
30,8bqjdvJfpVV1GmKXdUF66-mUOaCDnR_Dnfx_o2CqNtKdPu-Gz7rhi6CU
31,N3Jt7viy464mYFmA1mpVUP9Oq9IREl9c2ULnBNbCbWQg5kzgwQ89SroP
32,4GuVNnzmnm8LfNOjjLogpp2sgYs6v6j0cfpO06B6WonnkFUZByc3Xu8P
33,UZCwpCLdCYAYrvYI7bDiz6s23hki4wX01svislcYzicsvAI
34,a2XUb6TQaIvhjjCfI7AoQEI5UtxrEYuPL0dg3sbIJdIVxy9rudApDKp2
35,AkyKm1lHKVroVXaslMhVG4_RM2qumgDtrHDiRAyLsloqp8rXY4o-eDfz
36,XsHArPtrMTpCS3iIqg6ULfod_qzGoEIgFRSTqBEcN-dCEdHxE67CNVW3
37,KErf3uym98T8qgyTESML67AVnxN5uQ5LR4XPBAJeMqyLNC0
38,TyfdARyO7ztRf96jR3aZ3f6U7xrI28lLh7Ib0qNdqioE0dkDURIMryNw
39,BRtfsgdnAakgSd-xnYh13UJXOhTofTIaB34Esc14sCjjyS0-SXX_X_4i
40,Qdif6WC0bJVGUOLu-hlF9ZpyiNfXWI-D4tIkDg-2Kg8ep17mnfvJWW43
41,yGQK36C5Xn8vxgdaJDeh4ImxpLd6yv794Rt4ge_Kt22hksA
42,edPuZoGnWAZ7yv8BwRiqgcfLgWrathCxvbS9lIHk7rB5TpyyYMRI-xf-
43,N7NqBLgYEi_a4mwXkZy7dOm1L0BM6UHS9lHbsiavTRdovak
44,JEeR1SKBuBQ8WW1ZzASlaN_1_WGZ2X8kVVYNh1XocxKAbFGR4euAtvJ4
45,1Rw3etpi_8qMKI4PS3328c9g2NMgxiv2PVqE2YCtv6F3z3imnKIpYXBP
46,tD8jaru9ONIdqBRk60QuV7BkF_dSRvV1IBykB4jSh7-0FuOL0yf-Ic8K
47,_04vdquYs_-IVOHEw6msTbo9Xiuoii6g1gOIQujQD4f7-RY
48,45pJoRloa4TFWxeoYCdqs976cykX0QLwRb6X3br9sFQW_qCcXuLN-B9_
49,o2LQ3XINd1g7CkJYFEEy1-dtSExn43cH-BxaYNAv37t9
50,7clukUkW-YabbApilL4bKvBAhJdfZMpO_21ZJPWRWhxGFB8
51,EW3LNgig5SyVAuf6iikDJJB6kvJULENBoCqGpXhah-iiyHw
52,Hmspd7jCmvFFkArbxqduX-C3fTxBiOlkYmruQJPiyJHbFMA
53,wvAs2PpUPcIP0uagI7oWDzvVzLSkOibSJh00gosbRw5pSzEtIbsfwrzx
54,oEe8oXUDXKryFQRvPQDhG29ZovGlnmQFoJ5SHJ-dtEEFNsg
55,T9beSVq91t8HpfGhEBsmelN5mIHDhhPDyGGx3Ay_Ba3zXsCqCCVpSfwY
56,-sc59Rp16G6CGsIObkIC9wshA-YMFv8l2fyvDeBjn20M
57,Q_FDh3to0Z3P4Ek4_2o88NFJHYn6mDFU172PeTPNdF0r_lU
58,dpSokXgSTQ7NvImsB4DNzhDbNxP-_zWbYXPDRqG6HhZsoo3G7A5L3Amg
59,TgpIlzyDa-94w5r18INBe6s-yDbR-phZPYwWQgxEqmxeau83ELI3w540
60,_8npazUyglaxnNDmQiLGLuNwFcuBT7w7LoGgxmzmwmT3LD8
61,OEJK0C3tLyySTrAtWAein_ccmgg-zVn5_-rRt3YLQmASBfRWdesH9dbx
62,NmwTlF4WhK24UAnCr538CLrCLjloCYVE3b3TOwuK_FZ7WnJEtdsBmRFM
63,CehwiaLPOmWxpHTQJXdkH2sxXkx7MibDms3lABXkgZRWRJc
64,W5h6CitiZ-TQeTyYZZhTHTGWB5uWP221DI8eTP425sCD
65,XcTWGpPJs8r5Za05Kr53ojGQAU9Dbo21mShYi8oljOkV0P8
66,PCyOorF822lAzzSpOLd0cn_6uw_S8zIA0KgCtFRsn2sBBvA
67,XuPYRn0uESOZCHgCvM4qmPGRABgepf6V0MhC3BqfhV1BZD_iAGScqidq
68,LypUCP8loP3BQN72qPlEjRQNAI4RyZDBlStaN6Z_-U8cQgqEL6BiqK7S
69,M0SVG6Zi8cmnqwM3cQo15UcH5CtksZvPoFWOWs-IC3hUAIE
70,M7-kq00xlGndTvmBUpQQDMKze69SXiKXC07--OiKmstwgNl3QnXJglH-
71,ZkAU0YVIsN2PP7A60wjhBcXUuOhXrR52tF2kNHhsYzHgxAo
72,g-0wccyjOnperKIM2xRmm7KSNz4D88o4UJuTVbYj8Ecx
73,tGzKsNXpBON1CfvQBaVEwV4X39J9818kGFmyc7fLJJ77
74,bkl9HzBfUQlAqpXn4Gg2_XbxA0jQoZboP7OaLEm-IhONAzs
75,gPA88yXtrpG613cfVxQbyOqElgY9yiCdL3zD1WBxxgLsCHztaAgylMK2
76,dQaASL6pDlFGSsm22IFfeUZLKxh0qGB36cJCm-70PHmXoRr5x625_jYU
77,mVOQ4STcTO7KPcauN1EgSZcxKxPA8h2qCc2hEQTM8psqFayMr0usTphz
78,z3GuPrMCb-4HUGX60-QCKERUMEaUw2QcF10yZ8tF50A
79,C3Y3j5kano6E9gHQodvZG_opQD1xGTWRMbCeyoBG5n1a12I
80,lazIuAkMZj7tRKXnLnvBE7bItZNzoX2DzpZtxg5dZuf8EX1yn0lLpaxs
81,JjrmcpTxe4cY3CjAzkwPsreOsrPxtq0cH2E6t3BG9Tvn
82,jEwg93VrFb_WR-uYZ56un3ni4KWtlR-6VrA71fQbuYI0r6scfzVZfHzI
83,mIB6dgg61rNinz3_CHlcUqG2-D_oY_9T2zArBzViNxyU6eg
84,AZcauh0oF8hk87R7NZInPjUnUmpoigwQjpgNLg9ONS3621HcC4sAEntO
85,fcBd2IS8X_vYF0ajk-N_P4srMM8_lqQ27PRWI3hApgNF-Hs
86,Z5ulJU9v9HAn4M5cKFw7DKtrz4vCarHbvXnZ3629cGG5iZUHG3zsVu-2
87,1cDTBewz39jBrjk4cZwAVP6rXJgd8WNAYjuWVdMnq0HiygkmzV25YaSk
88,oM_W9CMAsQ7OVil7WmZrUplUAA3P3WwdAjGVek2ThCpDkavY-NNyOV99
89,IoZeXZd4uSowaL2Lypc-ZA39LJrAM-wgqIUmAqV_-ivUOb-J-4BsQUhr
90,-N02RAHcXGst-JCEj_cVw1EKX9Y9hr4UMuOboeeOaLPC_3I
91,ynP5neo-Sc55ePIUUHOVOdkh9RAa0374_LNizxMlm5MLB61cODOlcXTR
92,oRAEDBMvSvft1WcWfnPXmKuNiB7XqcQ9YwSL_M5tacEaQNPdvrsGzs3e
93,aj8krIV8BUprq665UvJn_qafb4gfFVWcVao7VFDSiRE7Wwc
94,ySuWJn2xfhQRDhxvs9yZ1_vSb1Atly2nrnjc-hZqSFz2Cim9sWgPp9vh
95,1nLf55il-jTvTpRFRNozXw219rEIUsU3W5Gj3a5eOGDLbcjv_eIauPaM
96,HalCZU4KuSIiDUohUwo9g7N1F2BsaFHRR5mb3sB-_dphDM6XhAC5K-nz
97,0UlmLbOU9BPJE-uJq6u_zhSHiiZiOXYYwBgftl7fTQwsz1A
98,6eNvkeLuf7uvGHS6QTVk_whaFmSUeD8_mmXjr4UeOLqOe3MT220sskV-
99,IBX0hbL-eZeEF1_zWDQOLImtGYL_xxgla0Yxo2in8GQlmMc
100,MsYvuo7FgBEY6iNv9am3UpaMf9FiPS46db9ZDx5PIzA4O13jVFLYgG-G
101,MGqLRM9ttHWhlLzxV8pDZCJuZzzwlQ3pwF__UJCd31MtKmwakUyKlJnL
102,mh9uO1etqi251G3CptQRzC2alnrQGkfmV9Y5ECRyFhoScYk
103,9gKHT0XA7QgGZamB1hELHytvpZdhCS0gPd0wfXJLc3SwRz9nn0r_UM2m
104,-l-kfCOLDOVZvrvJD_wRz0UM9PqE0at9-3BedfKT95b0-4O471FtbmTy
105,-RnrQ9-miNHBOUtMifhcGWVjDwxDhOzEWpPDR0pOeqJ-dbo
106,Zajj9sUsUv6JVFi2Kf_laueSEykJ09egATsgifQldHgXuoApNSvA5Grv
107,bpPcFWdHQ3pf85DHQReM1pacr89jdVfewA4cRUX5ci1RnQgdS2F27mZI
108,CtSKlqcFOiWcXzdQaUxcnhEGj9p0Lea8J1VKZtfCFpciqmM
109,A_jO8JwiVRD63ZVqGWd797tqZO16OTwdvin2PCs5iE3ABqA
110,vTtTbKuX5WVIFGbsG0VG0mP9W4w3d5cw-g-w0tr1Z149DdY
111,rnFndgxVUsV1IQJ02rNJwbvJOAh08jPt9HrxiiUulfSktto
112,kf00W0_1anVcB2MyX_Xx-SeygJDoGOkTuvJpAaYt5GEqTKJ3RiQbMQfm
113,XSkVwBZ2GJwjOUJp9orsi1E0fGXs-wXEXa_TtagEbtx-0O0
114,tFhnpJImN5QzsLApY4R1uCswO8ROtecVFi4SzooxTzCLJUAtdlm-cLbv
115,ujE3ZyNyozwjgEzYuhK_s1dmGnHEu7pi-d-fmTzx0CJ7IdA
116,ZMs866MM1cUNj4uRWL-IALdGMaYfFoWATQmZQtL1KYCn
117,RIng4FVt2yK_0iSaWULZrF8CMZLaiwyh6g9by3dT2XXiZy1h0L65PHWd
118,tRNlB4I528SexzWVxEW7wuZlr3lbKvh_BRVFIdPbowdxJ00
119,Z7OGlMK6nVerLKsEvLL3sgYx_vzjHaJJJvK9BOL4gxUsolnzSy7iQLiC
120,axDdppCczh_9V4_nrvogZV6j0mCKmqzXQCDHNbHl7B5EG-Q
121,y7XiVPcX1HFBSfp8zmYE0YB3I8vqnMHALKIa5hO4gVHJJ3M
122,aU-9_Vq2GmjadMT34OlzafVyfhMqVSGrPw4w1Fd51pb5KqE
123,DUUKsx0spAM1V-VDZc4Lc41OZuD_W9-GdPLC-PDCrN0uAdQ
124,4A15d8qGQT3dHWJjcRnsvAUiJKRn6OlhWWP-qtSRMpTN
125,zeAJlUODhAMilftZcJ7AMJ4DdYOIZbBhOFwKrMHkG-ZNbVexR__CY8l1
126,sp3PE2NSgR51o2Z3OSKnWuh-vVrLWX3cxRuFS2-vYGURdLInv_Y7Ei0-
127,sJ3ixevZpie6Dut88ar3JLRE8vh_xiOIHyhhSORJPJ5CV5r0MpoH8NzT
128,7jhclxklpHpME4EWTnMIzYV8L5kyDSGEdxDtDo1klAC94vs
129,MD_70pPSbk2jwSH7M8ephfRvriXXlvN_ezDeV_Pp6acMMOE
130,Mhqf62z7JKPNuOlacp6vNKuSb4HYrSFFJQSHoWFS3cvWFZHHbsvr9VNc
131,Hl3XVFDt3_0Pfi-pP94Zaq6GKCjVQQLUwuW8wjd-79Au5CPH1SsQp3pi
132,0FZ-E54BxDm0fJ39NXGO84nB79_kTgMe8tEcli3UhUNq
133,d4gEY1Ff9cbD6c3BL889iwSZ_Do00XyiSBD0XRbwCdZF53I
134,NqlrqDE5ytdDfmujM08Nn-4tHEPvQF2XV_jtFpe3Fq9nMws
135,gtwoiAT7V1Ap1ubXfv4VeYTvnhLbAB_z3D_N6oQ1uwawMumMrnJeEEsg
136,E1ZyGaO-UloQsMTvKhJAIKMNk6h0c8ozTd52qIgY6rkSHvw
137,R_QsJYL6VnggIUN501_9CreRvDnKRgsxAv6-5SyCRHMW
138,XE_G6KhdeuJ81pkd7kJHjIMbOelrmJpMq0CIi-vsWgB3544a1lw1vyDx
139,_iWXRtI2e1dNced8PHr6fvPILRjeHh8tVVlmPTL-mq4Bx2x62Ko87uLx
140,xO-ftbHSrEEeNtbh4wkyZXuj4iSW3oLvukXt50NzxA1GjW0RgXwCDK04
141,krSIOp9moWPOtskrpxxHI-h_wF_UGqU149ADmRKBwDjs7jU
142,TFp9bGj4v-9C_njtgmBLE_D4RV0CS3byacI8_nlPY4QDE7nPBCZ08w2L
143,QSQMWgSEWa-yZXxMvKYudmVe4GzQIEKl_hgZMNY8iZ2cenY
144,mOaKvWtOPI4ss7DPVVWqhUx7U-dg4NGimubcbMzK5DlIJ6c
145,5W7iWbkEfim4Cet1M9vFnF9guevaPMRT54qTZgAvxUPwCeNcJz1Vrp7_
146,I4Wjql4zXuhGkT0WKDZ_Z0fhtQKvPc8NLz_YbCG0ybl7TLCdJKs4pBId
147,VQMP98sI9s7vtb4e8wowIcox9Ja1YbtCAstnzSwNYQvrVC-TGng4XAWZ
148,ac1RLieq2vIl_A39Si7hH8gvjiBxUPOMY4D89BkhB1Cvsqj4O18eK9y_
149,9wfVfk1JAj5aHZDo34Im6v_yffnGs606PFzsDAcT3RTEbNc
150,qMejCc404NfVlS9Yuc-FxeJqDoU4wsPS-ls7nyR97vZeYVb27XjOoKB6
151,79S7ofTcXPyTnB92RAhrwy5G6_2g7mPYgLp4pVQ-N1ekYqQ
152,GpyxU-XMFkS0lnABHGWIhqltaIVVHW7Dx4cNKIQ8RBo6uAs
153,m9RichLP99VdLUfPwErHBFAG6qs-fzhGbKDOFW5aliA6Wu4
154,FKEOQ239U4pFNmKO5l8yFokK7au6NwCqurY8nY5ybOTvRrZKQvQG-QQq
155,s3UDe12m5SUn4L9DxOihzgSWQfLdFPo9BenTpInMOOcCVCzSHkeFXKuu
156,KIhd30IOnQUzKigyw6T3iSvq0yqU2wV9mmJgY11XF_aT
157,jnnxMvigiM4R8kHPRKP0339C2sQ3n6lc_wvTsW4w_DkWpP_Wmxkhtnuj
158,s65PrPF1T_tVDS42S9yiukUx2f1qYgBt-KdH3fGtBZ5Cf8U
159,RoojLnFFFCU_7OLxFSJbuw5wpO1cH-qBzB0w1F6ksOti1Eb6SI2fSeNU
160,ICRvdLA7378Ol_shSYbutdrTWIJ6d3rqkNUb7JA1Ctzvn1A
161,jLiOFOVKF6qwe4AG9p_9OUAv3dwshgMjwGoMTfwqVuMyo7o
162,b7gpF5Gp5HIn9UUJE1lltlk9Q7qo5DZmxkaHHZXu3tiZeQYRWwC309I8
163,ujqkb4m8wn-P2kriuHkQVB0A4dgBSU8dLKaTLICM6897im75eNzGBQV9
164,LOzZCpLJhXxue3gZoStILgQjg-6UGr3pOYvhzp_OAb0Gv-E_bUn2Fcsj
165,8rNSwb7FftsRApRPjJ4LypFwyqCeOBIG5lt9p2XjUYrOMt0
166,nE6pvvxgSfOtuieYGcYSw-POIkiEND87ChvJIAvTiVG7Dsj2q57eSV6j
167,w3pBlHLGmt6wK63DeTApmLoAz93Ih4eRRkDVAWWE8tBkHmI
168,02VbEWor51QPvzrG7VCe-fqmx_Sa6sE9AyyL-Rf-ODiEyOfpe-xJ0UNn
169,Y-IdI5T8McCfi85YQ_esYUeLH30X1315aBnnnqkH8xH1VsqO_80I8FAL
170,pBn6WffpHFki9S6eN32dkaPbKjf3TyybyLLkkgJ8ml0JmmToquXdloil
171,2O9Qg4wECMeNyTU1rk0k2Weuq_ea6DLSGOeXQTxmBJ3kujuk8bM0xlrb
172,LWCYazg3N0NL15JyHascNBEiEnDzBYFPTiKfvVuFncxRXJc
173,_5Kt7m95eolaIkPIi7w5dDMWgSbf4XlQl7JmkQUvqRZU2OCsKSx62h49
174,RGBCsy6RV1DA8gr9R-3Xpgj9NOYMi5ch5t-i7FF_Avx8_uQmkEh4a5Q2
175,d8aIXqQJU7akPsXgvEfoXWcihInXmxlg2iXFvfurlQYHXA3lV4xc_z-q
176,nKmhd1Bxawsx47wmJUSg9DpW45ASA3l3-pnTjck8IiuOTg1zW5DY3_wx
177,9C3pM4gpqv34_2TQpLTANOhkgKBYkmgSaXjhv6NVZMPXgpcp351NuoE3
178,6lTiZMbBPAkYnUjXI-bCxYf2QeuA9FlvneXY0451Rpp_Gac
179,QKiDbOpE0_zjyHAoPcXfeaG4IldiryGyWJ0rtFwomu769MPMHV2jbsMo
180,ZAj7E4FTaR6KDItV4pXzS7Cwwxo7bIywy0TeFfmxdMrAwGN_a01H7VDi
181,gsm6jgsmUzD1riik4aSZ8sGkrVOON00RZPoHW-pVjeV6ozZ8P4vm9qo_
182,z7tgBV4n0XT5Mlw7PwfCU-MYKOjact4uZILJJsmsMuTZEo2voPWnG61V
183,osibkUduLZtY0PQIESx92zg-q4wTNpUsmsI-4WNuIM5kmySclL4YmIJw
184,wrZYXxcfRmuFWWO8qQzOufzSD87tH7wTiZufwy8CTvYCvPfiFfbA5kAK
185,1IXCGHLalTFVuLx2m5MqKTk_ODaKrc9k5Z7uPmI3OB2DS6Bt98pprP1L
186,DKkVNQyFJtqAloyGNz2M2ZCFTenlNl6PlqTIHxKoW5X7wOQ
187,EcU05zWAqJAdVAYfQYj4Cn4MCblolv7QQANZWBB4vwZO4aUT9pPvLG0F
188,IXvQJJV1hA4A5NYCL-DhwStX7ssdb72llkboKadQvg_2
189,TNA842hTa_Ff-7Vtz7Wl5_IBtoMQNxktNMHkJCkCmaYBckRzNy34Obqb
190,nMiIT0irdz1WhhCg5T17TrLXijZFI49QGkxBITF9BCJy
191,p0UNBYy4Gwo-zNdC1VWqgyZO0Om_UuYJcqeEiFyBIKAWG6hVx3Yw3QGk
192,JAebb8mND9DdKmTLMrilisRCieWHNn3xVXaAgrjAWFtuEMr0rvHt-HQG
193,gtOYq6bFAh--DmJQNbSzbKgT0GzIjb-7nxtybQ3FzokvTbSFri2lIE-g
194,x6I8VU9tRMe1g5J3T5D2PUNKK1wHNucu_lKiC0wc7g8_n2VFPbCbbRke
195,V8U9tqrfl5BdQCgMhMZj2aUUukLt9BVnltQP6ywnXSKpL2hiuF44-cyN
196,mbn1iGPLaxPQMKQMcwmP3ha9R5v3En2DUKv6xwXNVAaiB0mrIyOit_vo
197,nNxEPIdOlh8qbivlhaZWfcgzuh5deMgyPt4els-6sYqVVmPVlRHa1aky
198,9Eyi0wvqEfNw8RmXRq8kSnD1H-N8EfG4U4I-v7LQwqOb
199,V2xn5rBLHFZVhMcCSRMf3_S5T2jql08Mq4h1CSy-JZDFKg2JmyikmfQO
200,eQrsElccMsik4d2e8sA-GfvOQtpHE3f3E4H7oz7DkacUrtvUo8FwUbPU
201,Ot8k-fIYhXIA-Q7nZOcZ-J01zno0EAqHziHBbDPGfRHXTawn20CWwq9D
202,_1p-Q2vOsfFQGgMkiG55f-vIWl00g8v67TDL41RXVKmj
203,-Uj4_-4gXu2_e__dxBgcCuw1fTAfPGbbn-oy_oKCEq6ciL5E-1ll_Ib-
204,wZU2VmUfbxe4sJ5vPI3fyST-eOVXYhivh4TnEROXdXIesPcErue_zRq_
205,SdiSldUeNLxgwGCKZj4q0zZS1Htat0oa8Nx-_QH08Iq-rzhSuBP4UOQP
206,NYvnA-hQyy0HIsdB3dugMLDP68c5ERQkkV8Os9QMRdDPfSwAKQmGIwyD
207,KpuuNiv5g6cMZtkYtVOp51YbpaDVuWs9sAWfrXiqTuyitJg
208,SAS6Uu3YOuJrbUZwhg9ddWX0Gth6avn_EBbAZEEaSzqPZk8
209,69HfXytv7VboULV0GT5KbC3O2sBpVKdortAduzGLu55m
210,6CyxG6J0CaR_KMyrt4jl96JgFc4dPwHmhQlJl4iLiYVOWBlrLH2jJL49
211,Y2hr7rketS55mCqvdfJYRp5LtYg8nnkZQgciTnCpnXAr6nGq1ZdFRrql
212,oPTtXsHd6tsVK1usrO4yZT-HoB0QRUfquLNWZh2Nd7xDRA4cagDvM1q-
213,gsZJ_zFwTMfueguQLbcJEvqRD6l4Nx0ajnIoexMh1TaH
214,a5dfRExp_DIGX3vxcNrIGCiL76QPwzL0mEpVa2HueNlFF2zN4ISHGw6f
215,yEdSwKy9JSpByzTVUYDuXrN0ZecPyXy79Be8q5P8hT7XMajkhtN_sDYw
216,KI2_XBd0bcbjY6IVNvsjoKpelt1BLIytCuG4a957iwg_8HyDlvyEkCoX
217,iDOCoBP95zOGCRIuipVcvmzj9jr6rDB-Ukah4_arBGflalExu-uLAZSu
218,6ySpYbfe4Bp6siUh6MEoSHF1OL2xniD6fpttafxON89wcHul4dLN_GIT
219,qud_WVr9_fcfu4J2uYpy0swtjats6HQ5iBv2HA0cD7zWS6v-6Nk_xboQ
220,wHmKgABPvlBQPy2BB5RxYZw6PQ-nbUXPOq7fbw6P0BDwq0k
221,zL6D8iNhajNGlX1pCsFuLr3FSE38SSwuLYCInT5qZsgJypg
222,fKvI7GGbGdkXmFfzPb6Lqyef1kKwAAMvejtNLunlfcLyK-k
223,ylr-XuU88xEhs0plcYPjZ-9_k9svwBN1u1lHBob5CC4OQD8
224,69XBc-Fg9N6y3D3z138UAWFnNDKThLlxuGK4Oukz9tjvPe4
225,wVDdwDpcrIJfwtzG_dNr7Fdi_FuBu6Ho3vIs_i9-QDonpyVzdZqhEjnL
226,lwj7bCbsqqy4E-5GzkAGH2AkyO2nsOnUssBABkm_5p-vaAIOKM_W5TCg
227,8f4AR52jyT-SpFbMLLseCWoO-i8gbmzToTh5uRdl-DVczDI
228,7FFdzUGRTytAMl8yvEDyaqtiezaXEga0k1n2l6FebYhEv1OJWMAONw9P
229,nuJzEsLKMbZZaVUi2KYkdbDG1zEES6wJPRJnWzDH5KpE5UA
230,iXI7Q24ie8d12oVUn9ZjzIl34PfkhOoBdwBguJZ0sQN7P2BSFOrh8kBo
231,gp9L8lX0E-Z1eBflDgvm8bC_A62NH0KcfZTiOBTK8k4gJb4RL872tgWT
232,30Y_6ii6zEksZcbDSqW9MkkbvHiL9CTPDH42_Y8mLOmFuC9NYJzaxDAT
233,1YdOQV31QF38yrKprYb3pZblBbFusrrY-1ABHNp5_REFEE11ecGsJxlo
234,sVcC3AUdcEYYDlcMFoiQkV0w4268Q5ykaMpuUdtDemtBHcfuQkWGrZSq
235,Qx8jESF1GpZwpiMlG_xWkDVGnYpeHbRvvqNW6Tw0mc6NU-U
236,kZhhCQm5rRbi0t828FsVJeByX-ifXRzFusi6nsr8j9i-7hJyGpmnDXlq
237,nYfgTNeU_tKoueMD1DJ-8ASTh5xg5ynRTT3YTK8XKuA8xC-NitINpKgn
238,EUG4wdReTYmZRuiXSh2HVxEWcljCVs5FqJMFO_-VSzjtdj89HiLdPZug
239,7ULWhpprIdv1INosBkZMDTEBeBotkVn0ZTdAIMo_Wa_NGUM
240,OkF-GecRQexgnSIpsN7REhKvBsoii__HAHyR6w3Yel2raRdVtCxDJW9S
241,T4QGtfUEsrRu3N-eIHflGyhir-DUQLUk5_VgkhHAHMyOjhc
242,biSpgbFGIennAg8koPanGvm5rd0WrQ0W3r7K8Znx1Z7nPCxAIs1R6Jtc
243,1wtHFSUA0Q6j5kGvZJ1r7ZK5aht0Ixac7vA5E0kh4mIo0TbFXRaqhxmW
244,twqknIffLAy1qsa468iZOoMaryvTOHbmlhJ2v8IXkvm_P4eDYWmyYkQw
245,NJ-0JAvwqIeDF_rHHa8jUF9o_qQ8ZV9wB5Rw1wLzyT4wGXjsoMEhwRLn
246,X37Gs4y9-VD5HQjkzLRT2gzFOWucuCm7Wt3NJxzhb6sDHZ0
247,_6XrHiknFv7OlecFUhKDZ24Fjg_pXMz1QfpGRd4n2yGbQzIwpYOtjAtC
248,di59W-An6qc5eHu5pj8gH8k-XH3qDtM7lqSq6IrQBYsSLJ5GF3Ll72x5
249,Kw0P_Oagd2WOGP3nekpp5iVvFT7FxPzSDjTZQoT8N8s
250,YfMhbbqmsJQWkUZBRIBGfNiY-KuXzTeCBPLJ3QyVP7i_C6E
251,QKCo7P1ZnUC1z-LKC1KPTcUX9oNvpxz1SutCOD8eb-fgtsI
252,uJBtNvka55x5Gqvl3dsAE2Cg6m5iJNIacK-tKUPy-yMMn1k
253,TN4EoiXXGBQYm7sjEeh6luh-1kRPUWYfw3xrZy4hAbcipy10Q0N_1R4J
254,AZBKTHresUZwdIxOGvTu0Z3f7rtGZM6RNlgs8XJw8QwlhFYV4ED866iY
255,-KTfEECRjCE37J4MrBMTdwu4FJffg_HeZvTXUl2Kdp4_4SP-xM-9jDGL
256,Pvu2ifg7bLP8vv1LYqPs9jDe7dttcBq9ZFeAnLPYfzIcybroELLribWJ
257,gkE1MnjxY9VNUbvRHgGAJkKn_HvnjzLQ2wRyZhoj4NdA_fw
258,_rjsyRD0ytfQUMzp5oqgk9jNVOpXtZMD1IW5XDVR96GDkWGAtBNXJrM4
259,QYNvTMyiZ3ZFnmPnySADgjHyyf5sXiWRU4C68Luk64Tr
260,n-ySRmnkSbVe2nAU2EDQf-FKedEe8RQcADOF6JpZPjXnRho
261,yDvVJWWAi9kyal-Jqtoj7fcJyv1oBH8gYsqMUuSxxGlqlvJyjaq2yHim
262,QVBKsv9tX_WiUcBqC4fZZmmF-VVClp4XWMAkJcFwv2_YNEo9R-EX4qdd
263,EBLeVXCn4MaWBm6s6xzWYstn_rEF9vjvr-I9biOgKXdtkUvB7hmEQDtZ
264,ujcOoQHe6Qo5Xxt8Bd1nh_sx9nUhNunKcEj3gHpM_wLp
265,TnbK1AyiQ86vAFSkeA9qWXIk4ev7YvN7CozILYuZtxWCNEcUEjJtuxvQ
266,G5jNYRsPY_dAXXXcjY6rQhBIqzNcRFWl6Dp_ahAtlrgv
267,zj3aYTXD-J8uPhC8oAL5HFNN4zJR_UxAcMGtAYuARqvrHCpgXrGgea3S
268,kKW7RMUI7KPYeCt2z1efVROvSDtxysbKBPAddGJDXOa7XmIyvZ-0ipzt
269,Wkhc669y8iyBc-h5qnAIjGHH-aa4eihkKNP40KcM_T92O1RsHQ6UJVyz
270,tJ3ghpNPTEnQ6xyCAFLka1JDgiDUGxAX_QG4QJQK5F7z9mixNlHY6mD1
271,UIyOFUn0hqg3rUsqklv8m4-jSuQQHL4nrzT74fX3uY8PKv8
272,-t8i42ZC_60kuk2TqYCZcte6RiL6EcHYLubxfXLyeJcTZmarGlFzDQAH
273,cmiRo8jvsxnKt6A8iceTrPrbS0ACWxPlKdcX8b3Eqq52nRm0nbWv4doE
274,pG2EYbBvt4HabJV0hK-USp1LUSfUK_q3qs0QWjzkKEyLWIG5oSsuk1Br
275,BQPZ1nrxjCSOfWPKxrAlQYeCVVwq2BPkzXT6bLdtuUKzeow
276,NGZeoSoQZOg-45QIh7r4RgYyx7S2fIfcDxdRmRdkSJOT7wWwM6nM_zn0
277,rWYLJGQePp-zjnQDYFnbWsBzx6Ia36Yywztuqd3qUVLaj6xuwEg0EjoF
278,NKZKjzwuIkkzWm7oMFR_U9nwQPYFj-yeo89BthqzUkdVUrIQz1Rx-BpA
279,9xBdyAN5W_unF9J9pWNOrCu2FwQjBXTvqcQJdi42lYtOjsASn2g1OtDy
280,OzU-YvNzTEC9OcxCzJKqnVF9JhEjE9xEuEDOMqFqKb8L
281,yUODLsUMPy7aCLGwD0PZzASAVcV8gT8S_Ijq238ADhrUqo-HohewZQRG
282,nipMiR0VKofM0-LUygxKsPg9GTu7b8t7mTZSjglIt0rja-U
283,ij4tydDyGytZNgAfnPyMZezh3VAN0dxvyr1d-_4famDIYdnpM87xexbt
284,5d1Bx83q45oQI2WKBj0fdi1gpqkXuwf5VVMRsUjEakX1TZQkrFjKTBEN
285,0V3j3Yqz641aF9azTIhYMqOs03X71pfPubMMsFJH_8ru0OP5rbP5J7uX
286,r4UNrim2B6-iAMRkNviGAdlEZt_rrtaKy3TyqlnObZK4zwZliO56xinI
