,puuid
0,mMG1qoyZKIPDeeKqmPvdK4peOqUo5XK3PQFnO6Bx04misgq-CM4o9L0R7YQ0tjNPwRdZ8nAwTSwZ1g
1,fgMtrAoHelwXU3hsER5-2X2b4PHqBnJHMOGyiYDcX_BSti6rmQUjaQ1CYOfxfWlWziNYMtS5-WSrqw
2,san1rXuA0G8YBdzTLFmq6ArDV0MzLChgAnzLgpmQHaKxJDyoSd6yP58rYpZ36wPubsW770eAEOzgfQ
3,7tQZGJMqw6s2pemJgEAxR1U492x9-ONDOiuiYEPie7H04qR_mCxyzGdc2ZP2Ieb-fLYTnCswKpc5Qg
4,Qp6GwjnZj5GqVU7lo6x5vieXCO5hhkbxD0-xWfpcdPCsDwicL0p2xW3Do4NfvXtcS7rZ20fIydh7qw
5,3f4qAizDnBb_2L_e1PFwLHpK8MkO_3DXXSVPFdikzUtacDhgdqmzKYH3kqdHaP1lTWWcSYgbg0_eBQ
6,ZNSv7Eupfj7dsYXpvGEJaJkD9HFuP6HYTz3DGLL_owW5Cy_i58B-_8u5HkTPcsAWR-ZwUwMqigfeFg
7,WcK0NHuuHX0w4OwS0PuiGM-MVSe7NcIERDjrYOX3hU58GbjGZbE0UVPG0RER8xp4smhVleZpKxiPnQ
8,NSK7zr1Vk8J1ysF6tKbEH9R6OnzjjUxVExKrIbkFgBAv6eFjTCfhZGUY24lLEEMUx34XXKLjAl8vww
9,ONjNab6eL8bBYCBH4DgpVoZH2FcJk_JvguHBKFNH2FnU6dfzfkCz5P86VPijdUHcyCGpT9HHqnKD0w
10,6vzyRFlhbe3a3zTQ2njgUoDqCPrwHrQdJ7CpsaNmw8WyBvpCgqtJXxUciF30VVF5NgTK1efNafz1Bw
11,A6c1lQITGz91HPwRCnXnnXpsg6e-_dQCi6npwg3ZBHhrW4gSrsMYFv0MZbmY_1DmssK58O1vxfrJPQ
12,VhgD0tffp-iFK8nminBK0Adgy6dg-5bb8Vj-B1M23WqP4BzPaM7aV9w14DDOQLvBYAWesE7mheClXw
13,vX5n55nBvDckRU-fsS6xxbWFiPKQwrVMPimOEVp3Yg3roKd3Qa7B6VHwEBqhT_dl2xoBqxNi1ErCnA
14,pAx4_lnBq6mtvSg_8seXclrD5WCjLLP9fI8FF0NMmzWbNJTf2El9vq4hvCm_dh5laKvk9DhUM08rXQ
15,GiHtaA0og_EdiDTV_F4Mq53I555d6Ahkc3r5JoHUxKvQKkh-YJFJXnrzq_HYoYxHvoi8LYt_Dt8w6Q
16,lJTZPof1IlqWzjyinJka_SH-sNiglMYcVGEEilQezAO6u_TeD9LblLXS49DXpV1UtkObDNTGFXZ2WQ
17,Ci314RaxdTDaCBfzA4um5qBggTh8PtmDywoJUMX3vmlnr7qh98FECzE1YEReqMNpBfI4o7gNZWVmYA
18,VCXry96ve1sJMNZiZVxCCgtnrOmzt7o-3X4duuUNoro0T0f2QxUd-7_Uo-p9KsLtnsQqWV51jA0GOA
19,wmY-Jlf_FVJL6M3A-CTMqt9SyHzBB22bLv58Fapd6Ru8tGWH_esTiDyvUMPSI1ztDMXMn0dmkvKPCg
20,4qsKCJjEIz-i_TCB3gYXlyB6xTu116miIDxhMlAjV-_PkCX4pZ3XIzp3tk2gt2uVHkJ5B3w6SFRpfA
21,kDlWq97_BMpOO6IXr7YRMGu7Q4CVpq5I6kZMRU2IoP21QsPtXIyxSe0SD6azd78eL2zUtXhjtpedXQ
22,Uq_f4zem_pnoiu_vRqa-DK0yIhhtBB54guTYMB6kxMOejFAWgr6VWkfydZJn8iNjdfo5mCPrQzbN6A
23,eNvLwTJb5UybzzXBOfIm-p5uXoaCRkJHugvEn64msESNoHl8QcrQwcFugpHFIaM5cRAo9QMOn35PVQ
24,eMXcj8fbk73KCMXpt0KmHuCvdm2PpiX1Sx1ioGwqUgQ-ApF0KbRt0ap2EP2gdvt-tfi3y5lMw-6NWg
25,f0hzyLDw3nzTcRi9rupGyUcSzUaCYVlUVsIvWfcY9OPvs0EccS-BNQRiMFKoTTLptlgxukdCNMDvqw
26,tn0YGXptA5V2S_QaC-56KDfXc05G8tCXO5dapd8doGMobuh6GdPx_veHO_twL0PEP-tALCha6ADbNg
27,Nwau3GPN3FYph5zDW4y1HAgmNPKI_ynAo4NsZkf2cDsnoFXbEXGX0ra5TuaDcyYOEUVQyOXSiK1LKQ
28,-79cbxJap3JpMTpVVPGOh8wTTZWiGY2Y01D7rLCddvbEZAQ2Vt6P40XK749ujvbEAU0orrNSCH6iXA
29,N-Ue37elLxu6g6JasOa2_Gl1R_Zebj0ct5vEG1ICN3wfuQr5G0wcVYZVk5nVPJGJO0RUqHcHUbWtuw
30,NfKuM12KzBCPgss9ucM7PC7xFYFnUZy-YFkuXDSnwbx3OKxvKQM6kZ4ONvYuSWsDp1oeHImBM4fNNQ
31,4W5GcUcwIraTLrUYUZ6HZYrH75z0gDfLOAt_xNePZEqQocmTg97A171rOJmx63L0_EcdakN7M_vbnA
32,Nhpw4Fs0dHiH9afEE3wbsbe28-59Q0zoerWkTOJxQTQplmJXtpQHoeXReq_9Fdi50EreCw-j0BMymg
33,qgdRQWUenvp05UzADwewBcWHn_SmB6qUZamJKiJvFaviN0cS4GZi-FnQe0FFAAZMwJPomU5X_yNVxg
34,_9SAEldJwbsew7fo01c54qSZTAbqVHxDyu9fYMGn556QVDi8mGJgo18ayY7Q21sjp_TtnU8jJU6n_g
35,Up-2_cpN-jhEBxfmm5Rq1uuU-8gwrtU3s7q3U6lTRSN84zSxNyA4jcU390ra01_qWHpBE7AFi1D8cw
36,vrYbutyS6xwxRCfn8gm4swbxHN1JhRZdRVNTLURT7H4w-Xi2-RYcLfW22KsL_-zXRvgdusJNCbenHg
37,8oto3949ADgS9KWnR6AIUx6wd__veotYaJx1r4x6NE1JOajTUfj_GEsWM2xcRPlkdje4LZPB7IYeoQ
38,KSNICZv8gmbj_l8Ic2mLYokY7XOBMmEdQhzB7yZacob1EmhzqgllRGk3qvKMktgRuohCtI851aXuRg
39,z339towQ141TOoOgFgRkaYzi76O9Zc8iTCQHAF-mRkeOPsuBW1_s9WFOD1pzxk_nFjLxCJmVzeib_w
40,7NrF3FtveL1m1NTlSB7jIMs0TlyV1UFEPzDHPshiofZTRynPPTnsUbO2rfF-6MBzQqfMjAblUqnd0A
41,flvSaAJxUMZM1xyiC-ZPdtjia0xCrWgHLkVUv490-IkrRYabX-ZQ7Z-k961o2S6rsmHd2jzvII4M6A
42,C8l9jvxoCas9gIuZlBjx20hdL0ERTxk3zfbFJwJm9ISq3HRRvw8MGFtTU6AkvsMXF_3MSmu2G4o-tA
43,JLtKQGCtLVp85howVguak8hPB47Z9Ry4mY_IlS1F9mJO1gKTxKj6dbc4nUgFyGPk_8EdGjoe0ypcxQ
44,_RqYtddsnpnYVDssLbW3GtTr23Po9lFfpQ2nk2Zz0kumg6ZNZBbrOICNpBQRUDrk9bEgJhSL9Tu9eA
45,qIjjEPBOWiepOaD2SL3JERFv_lAan2V-40EPrjlXaY8YqMSZY9i8MVVBnX4AVDFmhC4HEHkYUXAj5g
46,TS0okbDwTBzviAPCa2NzTImizfn9FC09vqwJqX08riu84noZ9-eahtggvYoDPT6Ig803dMQfHu6WZA
47,xNv_xnt31vxLSSeGWhnCPiyPqdyNYtaqIXNcAtx6HIDnCv6G6hqbfZ2ZSib_TSLHKLof_mPF6azkAg
48,N0K3gwr0FYBfrd_nc9fCRlYqZSkpHyaUzZa_8QA11q2Ldd04Hl5piImschu1MZxh7h8oRFZHdFURYA
49,jH3CHZkXDlN8oVWowsy9erIJTu7vI4XSs35hHDClOT98titVL98V5xcmZC4SC5VYD4UUIiJNPXw1Dw
50,lPWxjNK3E05gbvQfHb4jcqlfZe6qWNVZIazEkkcqoNIBzAiu1PKISE_EB1MQ8dWnv_NCxasB1w6v4w
51,JQ9NQAhQT1wIXlfilDpwKJRJxzDnRju9P93nfUDmUWoIqGOI9KNbcX2QtwCzTSCvh-gBYjzV7zB0EQ
52,E58UVcgmvg5_VDiL_iE4k9Y38oce6XCRzeAGouEtv52ZS35Scb_r_e4Oe5RvV9vioCa-SP3DOdgs0w
53,Rwd-RIQ5cOEfQYWunFh9rX7H95p7c4eBdr41q_kr8S1mLxr13IDGsP4CNFDBOvV4DnKrhFE-QBpRpA
54,9tLavimJT6VXBte4wH7niffAA9T4IEZ83pilAPYLKDjO1dHsCdJoYhgqxoSEEx3Ll77ZmeDUy-oOEA
55,f09yNjtpdzT6atmQOi1Iv6BV-B8JXYHB3PLy3hDOYf7Nm6hDrcOEEBiYQEbIMdvqy3Nnz2WvlFNR_Q
56,O4PUaYDSJG7k0bWxGFJdVlSn9bU0l3_xWlNNCFEd3Bxje5VAQ8bIbDNx6KQnVyKeUv1TiZvnBI8Tmg
57,4JVcUM9CxLxNSO9QAbBJj6W11BO93022RyLjoGkcDOWKiq8IL9yGydX9z10BbHD2KkkOPBaxF3V36w
58,WAdtGoc86JZFO-pZBbWj8M2u2WxQaL6XFcYVn4Z9D6mcBLQvuai-WBgGPtgJpijapJXvZcULPX9_eg
59,BpGvrLjJUTwsU4rijSn4nHF_4nMsgf0Bkbssy_QX4tRoPmx7JFxR9xZAUuoU-gKURyk_UZ3g_P386A
60,vA7C_ckCJZ0-bPI4gsdl7cYJdoTyXjFa5kbx4DIKTJZ56RgfbZ0CDjtb4g11eoBlxu7mLv8qPbpyPw
61,cSCZCull8fq5vF-9IOuIx7y9VHWk6qNiFhmzjDB8vKzh2KHWK5nIIIxBQbpReZYr6hJyem_lUK7GLA
62,PDY1CCafgRbKqq0p8FAb1m8Xc1ZFsBP1jVVNsa6Xo0RqXo2eRUshJ9NfMjv1rbmWn5_kAMZWn2wRsw
63,HyoWl_SV14mfRHMTfqjNosATpOxc7zSDCwTxro8DuKC5DU_uqSO8R58NO_zPFPylhr6CpubMucgKyQ
64,VWVOq2KC-j5s_NSuAZA7-m3wqlpe6ninLZfCEu7WX6PvRj-HfkNvZgM8bv86ZUFHY33khz74Kjo3nA
65,yDfaO5Q5CpP2rQ_ZIQM3UoXprQm2UPqcj2jYjCsjb8PjvCMDER_13qO1pN5fNeqoJacxfG-WiiCuvQ
66,9CmnpFROdfsFH1Rqwj_GSBzJQf18jZ3ibANwxclAqljDH5D1ILwPV4ZynY7_FMFsZ-SdG6NpNQQcRA
67,rL90pkFrVIOH6Wl8Kc0B-gFb_NZmlEtDOUlEkKM_B-0qNknBjgtbeUQaNP0KIOdT699nUDOiPrHtyw
68,o1__af3lZX8qa3cw7s4X4yW_mIa8JT1XEH1BLmIJx4cWX4jnWJTTroJtESHFddsVhziF2QEaS8Q2RQ
69,tEQEmlcXZCLMsYFypLt9cVBckzrfNpVr4e5a8BS0hyoty_PzKH1Pusr8JEDrlzXUEWljGYgLCK4v0A
70,pA8VJFDtEY5naMHqHsW4EWcQA_yW-gNLjfQjX0cI7vMZ4x50TaiQntzB9FAXZOD2HTLZo7SHl2389Q
71,oEfLcEDAtJZZKUck6-9BN-WRv7nqYNrx_FGAVOsoSGTSU_FLmMAoI2YUgJT0CsgWLJQp07ZorQgcnw
72,jJoOOv2pbQPrnDEoQuBKUw0Xz2EzNdB6yQzNXCrLIDXqvOlOAKivaMWkjG_B1h3rDyR7-A8kae7aJA
73,CqHYP8UIDgCvHb9hymB_fzY4scvhIpgYKsARscMhUFJ6pKQRP_AQOqLbNTLd7B6sp-FOW0uorY92wA
74,hr2L9Oil-Oweo8eTj958pVctTqrgJQr5KzdfHSAHYnjF8ZY50xOs-0JF9bH0CBnwdgMfCyFdzfkbPw
75,Y5ZM_EcTSUDzLjZLaMqam_nE2kf_imFELacATYBoZAdKKMCKiJTXX1seqbqL9NZwybNY7H25chkuQA
76,wklqsxpDO50hDDv2ARv2Ho0hBz7DqwJ2us0_kjW3LipePZKRWXuijXGXBWL23G14r4xIxNRnbkwJZg
77,RdBJMc8ywyfSpgRi4V18HKjz4QbS2Mk1UZlpb2bYJ-4fnrtuM-EN6Vf4eL2nnvybyyM_Z6lq4oHaBw
78,R2DGQ1DXaEKPDoCPTMKJrOGwXyuK09GcD60GFWmVPKKC1joAN7G8HXOrf3lLH2aGNTub4z_HJWt8PQ
79,kp0mlUjSmI_OSmSCCbcCUrHBgEct1DScl2bv4gtNmk8WY3o88w7mqU2YYb9iyMfZVsEvmvxcEl1fNw
80,r_gf144NMz8fw39IienvNTAh6ibjFHCa1mbwbyvdZ9j2aSA0_JOEtux70klwDbs24fSBHnKKuMyK1A
81,nDb6NRH9WvsdNkoeY7VX81XJ9W6PNHUl-01uIlPm2R5hJTNGjDI-SUypzLzP_JYsiTNyuAy69Nk7kg
82,m_45qEksiN1XC1BLoBqu4Gueaxj6BxzIEOJbS4tT_Si4lgwt-afwB1TNI428OGUjV0FEYXhov6c8Gw
83,0lhBh87EylgDK8a3DRtaxxphMP0FqVHgXlfiJcyfn4sxnXZ28tQt4PSiBoZd2yMXsRjG1npcHue9Qg
84,FSevi9jKNbPfmBZUsnKq37a8YQAhNV5bdvX4vajjmenPD6QCtSmBPWNV2wTL6tDBNpa_IgDjoSTfoA
85,liqziccleDl0Flw6JQJ3UdB3SgkeDke-Jhkj9dqU9oWKeMUbt_Wliikk58RqMrNV69BEnybxfvHadg
86,Fl6PxHRzJrG1Ihho16q2SlkAXZkz7qLardwzf3ImwHg7Ed2MPt0OYHlsfuPvomR8QVW0lN7iItYlwQ
87,eZhNDpq78-ulZrQjrc5meNHVN1k2WlJY24dAvxZhhkbVq3U2ARkAs6fGnGD2hIoGsnopfB4K4EqXQA
88,oMlidLX0Tak_3t4nQFgJAvvy9y-t0klZ71uVzO6aZj1lAXjLHV7nQ3WDAWHC4ViqI4CM1waehmUpsQ
89,bNc5igAJW0NdIAJOKsMt1gJ7G9a6XWwsj5Xp7q3e1yc_fZYLo0vbhUNlERHseh10e9nTGM_uRttORA
90,JeEuOyTumFRDV_XRL1kQiZ_WMjCywlr0gF3MHJddVPxpIvJa_-R8KfIfpDfMj55d9jRO8dmbdChRZQ
91,3Hrcd8rjCmfaazm5oeVyr95wNTW0L72RhcOvbkBU3jSYxCevUctAX2T4WfFfiusRX6ikPouAXTqJdw
92,WH0w5TRd4n8peXqnq-iQEShTrAvnKS7wvRwpC1pHjDWrppQq6ZVk1lSnLvqR_2sC5F85m4NqY41c1Q
93,izxKWTxOLncbxX6KLePb6Gru_buYAwhG19gll5A01151cuig0oe8SkpKcLSndUMz0c3fRSkB0o_VyQ
94,L4oCUiPTHIxeJxE7NrvxJ59uOb5Nux466ffsFFORLOKZT8DzAZvabD5ZkXxKYkLyMefQ-dYW6uw2AQ
95,ff6VdvpXgDT8pGdtPAXjKBPgpn3MwdE5jQEHAf3Eqoh5hdAOWh3A7KvY5jgez0orzFUv4PRlMOR1VA
96,9S8YtojH0f24F2kXY69Mz8i-IPj_fPpyKnlwxtvVfghUOKStxW7MibjLrc1ubLO7Ld7N1VopJsdzgw
97,G9AyJ2yvBMJzksf-qqdk1BfrwZPY3dirGisyAxXb2qIrAqkUDOkB5W8HDFcxmoqGsrOfrzGrzEaHng
98,hJdiyl3FddvpHiamWIBtBTpTYRNWkbA7xQWVHCHbDLD1XU_fJqWN7Mnhq16cvId4zt01Sck8YBYiVw
99,R9UBCIl95ZBKQNtzEOsIllBTusQUktjTNWtT9tQwzZiwvrJkSOzTHwrVMNakfyxHQTPhjxFhxHZARg
100,eEZVJKy5zRc51cMlA2pWcdFYQEPwNibQZc5tpenRT5iy_CXjeS_xIyNy9xoLLLMahNabCWuPOcvDtQ
101,J7ZezUDzV_T9o5NlDcR9c6JWSU5x-PduDbu7MuEoDJgxNJp1ztKPkMC0mDk0bueK_O3dnvA7hCtPpw
102,hx7F9ftxbVFrhee-fagmI1_V5zyeegGujz2VFftGfdEWH_1Hnq0fB7Ff4x_SGkXrvvAZQEJe7Nu0qw
103,AlO31EoSDexKH7Ez4mwY6zSaZLBiM8dBdGQ8okGmOMu2m692wosADZ4PMMrE_Gs3cDdY9nMabViylg
104,oYDBz9Ho60p18hmvFoa7OFMa6nel_4M7kYFbRWRKeaLd5cBho7eHtkDnVowh2C4K8HYDe7ihCGEeUw
105,rUWu3QNdCARP19JhqUS_aNXuXi58Y-lOgedeczb-uxaUX_b5RQN7gPt2YcEHDZEwpu3H_5fgyevxmg
106,dngeUM5hsF45SQORn3izFXruCJMYmQDVh0uBVhUw3nzxp0Q2GTmN3C9U0gv6ny8iOsI0Ndds25Ydaw
107,q46fTYluSvGJRjqYWCH-7GGXB5zajnYZM69OxrOL8smyOQBVklI2OVYIKDsrzK0_KC0RLxssg2XMuw
108,SS5Cnazi8U5dm8xjeuBoSuhS4SbdH0aYSSPfp9gZTrRGnHhMB0387d-IxJfCu5AWJLI-3dWG3rN1rQ
109,V0VC-_wC0NLBpa8pCJmCZhCUqKql1RN4-VYLnHEPuHZDDsiF1Mc7vUblyJR6XyFvAQIljDA_-gU5_w
110,9s-dTRdaDiIDx7H6jv1fy2nLE5b10EiK90-wCWhRyPBFNj1O2jgUoepy8BcTnGipDuCpjutnQVTiVA
111,FMTbQxXopq5O87oKDQ0sE462LASzQ53mgRJB_wJLj_GF3GqJo_v2qjdGvlZcC62SfGJfHhrBt-vfXw
112,Ttd0tRQPNsLZqyxTF_jtflXibt9gaYMCtQKwDa0QLSirncvGsG_qy5jNGuOdVx11qoTlvJYZXtFuUA
113,BCuuLvRcSCagjrvtwyf0dWnDplsjBydGCp1jWuJtZscPUJN6VdUvIlpPZP2qzFpMQYRrykZP6250-Q
114,qmb_81ZviFotd-FlkjqMn4fQC2SuMgrtMR4Cu2-1TY9fa9dEM8wtxdqsxVNll9_f20zJUzelnfrx2Q
115,DBT0oBhQRiCbrxC29igDz9fNka1hHdX5j7abon25Y4aVuCl3QOTxXO70gKG_yrJhR601jr0eEzW6dQ
116,hgqMlqun7Xye8RgTeyCaNGGjar97A9Kn8T33zRXi62lxcX6v9qBLja1jglNzkkm60_-RDE26ndaLQw
117,8SZTPwJAMOYEDNTLKKP5zh4FytNms8-zqDSL4955Ipc1oyrxhlFlqMJvy4yALZqnBnAySICxyAbo0w
118,FcbFJKtFtnSG5ZKRAahg5YDMDtpJU9joeHXB339F-2MswuqbE0n4BiFIkj7ak2ZrR8AviFKjTtr4_A
119,9m_ZtWc82mtuumvrp5k8JkTIpduLEIUq5r_A4-l9VYxaDwi8OuD5Arv6jOrDazwSBzj-NORmQwqqIQ
120,0lRuzE2rq3NSo5RomXIiHB6qc_x827N1P6j-QL8anYW5ZX4XLW878TTsk-w8bfU_vIoxJv-K1P11LQ
121,8PtNU8Yyb187E_N9mWIK5ISqsPu5yDBrUaP0p6UNO2qteR2xv_ZANvV_jtTOvKH4nLfhQho7dANLuA
122,KkziNEwp3AA_Izzsg85GadHNnvfPClPcn16lhEswOmgLxHUh-BZMidlCODv2kTvI4d-m_whX2PV4hg
123,66fR3xRxVvdrq3sXVNrFE_P3N23hceDzpNwhx91auhMyZ1Fvf6aqbewswSgQ0u2xVo---3HFHASb3A
124,ckcaRlKEJtBQiHr2rPEzaGEUcmakcAEZKL_pqqSCRNRWtQv8NYbznnyw48E89L6mYZ34M9uq9HiGUA
125,VvLZjG9xQC0gmsTQSbhJff3UsdWmo-jkVTO1vh9l-NNfVKaKms0X9RaP-ekg88l9UHKexgwV9UBdxg
126,EHPJ_HAI3hT06rCQ_PzbBXKmlbkO4bK_L9F8RoB0-WcFXZ9FGMoacFTlw1mui91FV3rxZ1OoWu8vBg
127,SGT-3nJeAI3dLS-i8VERKje6VIw69P9POC4oY26J4Fo3pVnQSlG2xGScIRXMjIhvWNdb_sb4ZTiJZQ
128,NQ4wHtTgmf1DQPrgZ-vCJo1iDEtB47vgGay56-SIh5VopFf76tNwfQqTRwxilIMROW3pz5gNHgvE3A
129,ZAUEbgrs8Vj_2Kej7DAmwX0izmrRVrt7G0dNXRVNYYpWg8DBNKWcTCxaY7NSxzBsbQxidMlgnJPodw
130,nDpjsmCmY-o6ZhSb26scq8nAMFwkiYKGzU47cQyN754mhF9bibnjYjOjW2V-AlONEWe3jnpRdRRLww
131,tdWLkHMBASJ7QCxR7mCB_Qdsqrg8bdR8Cs0nayCHZXAAl-JLYN_Yb7QdrsvY7s2OZGdXTo3H40tabw
132,jt4WP_k4xa4ZWzNIwtz_lkGF95t6XXLnV-p1Ym4kyvAjh_UmRCIpZnwKDHGC5edNWtVmNNpm2QX4uw
133,-fTqTjMoqf7jn8Hf3alfC6X9R242yunqGRSMY2X3BkDe5fUOSaQnlLWqwhycptJ6Bfdyj_Qh14NrcQ
134,yR_8Vm9IRG__q4g1QnGVs-9BoGY1mEqmh_r3MJFilahhYA7cdQ1PFxuw5yaq4HHxXDQV9CP3dqKdTw
135,lfSvTzXhY8EX7e1ORvwXDlpYFAh-3KM6ayI9Fh8DL5ThTwkuxkW-qBBeuqm7FlQ5q5qiNSi3kVodAA
136,QGybWV1jhiZ1BIi3aNMifTe4QYaoEgxnMMWxqDb8OtLqw_9VmG_btVeIRMl7u1g4R4DadfAiRt33ew
137,5OuNFwNwztwp2x5aTtRiadMwSye58rghT5DkWrN1vMNn8APw8dcMGN-jK5smY1s9_g0us1VenSU_KA
138,NJAn0KsNu-iLcA-n_fZTJZNPsFIqhuTNeQF15Lvti9MS71BxH3U8g68hrRMvxe8GyKQPdqIQTfka2Q
139,gSaaEyGWEn-efQrZOo082VJc-96R_iHLS0E-_Xa014gUQWx01ZhB2kc3orniq9ilAxFnIyY74-sVBg
140,8the4Lub8sTwc5tn63mDiMdexgWAJLPfRztDEkUpdThaAsjuUCKZbEGpjm_Bg97SB2xPPel6iKsutA
141,BVkX-3Z3tOnFi5AV-Oelq_qGVo6zqUY68QCaVN7AMsvjP3lxV6c0S9FRK7F5y3sH6RsWjr9Kn8E6Fw
142,k7AcX70YY5dYNulHMSHWsvwTwuYAyoMG5jaZQPAqD0oZzYWKnFsz1mQYF4rBBR8dUreL0tjIg8Mylw
143,5QkMRa3B_sjg__v7FkwmJLwQt-mZbCKOH-eSBGW1loU7UgKwPCeZpxdILEKEtTJIpk96yHBJOHgRPg
144,hyg4n21JQbCWY8ahVlSsHwVTd7SobOftMGm1SPyOVBs2lisgUj8MVWkq0H7YK_mJGL5wfDaRo21j3w
145,KMsNJHg4GdjEVeH6kOugW609PSVUmlIkAVREqGx5Wmevx2oZfXFk75hwVtnLkXe3cgUSkIt3oBrQ2Q
146,K14arXBP7ycIlgVhCSv0JOZIn-Ddhpy6ju_V2UI8G-ed02MfvBi0uUi8DjWMehrAGhGZLVdKRGVVWA
147,1j3SLj2OSi7VkSJvafYQAKuSBrywowpckv4WL6AQidD7r5KHaGPqQoAq3S-lf07JHjuYKGVtI9r5Ew
148,JbPTRd-wYrODY6soFsKB9r2jSS2Z-R_YrqGg0OwpIRqskzcfcWhRMApH2CZxRRrbl1aTM1wFi413pA
149,Mv6xCn5iY4DOrK6nJyWbHfwtUPh-7SxEiLxCw3sVLHPw8EShqIDhK_poQ7TGAMeQV52ntfZRj-Cgtg
150,39ZbiOStJPaOpSq-gA0EOljq1zNGUX4f5sUh14byFi6M-hTVBYKpKnkFNb6TJcZP4fJKj9_SsECE9Q
151,E4vV8gNiMzC1iYEx7Jk2nZSAcnS5vjYpAJkaP_WynjLy5nZqUW-2fRhRLnFJ2lfWGQS-snng5SXHSA
152,tO7UGO8qKawPgJ68lcZJMEn8H2FYCckEk9v0-T_5v6g--zgiiTAmg5iNHh5p2ZprQ84YuuNsdvycZA
153,9HmtIMb-Op5HRJKpLfaHY8oRbNmd-XxiTwpNxf0bKcfmp69dz4UbJ6FMAdi0pRopJ7eziPWfCDRMdA
154,FvrtHDd4MQAkNaCY8czXutdoPKLYV4ztZj9CyXfdTVuGt3VHbamZ7EDkA2Vm2Q93g9WfhZS3x1VbPw
155,BBZexBkdADoNQM-rJvejSHUJj0alVAakdjOdFtuNj8FRlRwwqEcmrPDMFxUE0vZRPv_yM4eSPUQcuQ
156,p9AWMvNZFhsa1MoWYKydwOp1nlj5yJrUsijBf8bdVTrNbusD5flomA6Ykhud6b7RfAqsNjAI-38A5A
157,im2FKNWeKs9DySO6KwoRcHc-I-NnxFdRLRFXhRBq753kMuBPq9TJm-t3W8aME__L50cGIXSK4FgD5Q
158,j4sUUQTgCkgZWixUtJZeZvzKvxHl7A6_tqTE4XyuA5CQ9yzs8JJxxhAl2IJvFoj7c9Zz-mPn47coTQ
159,yclBFeAuRaWcO_fCkpz_bzPgqwXwgmVTwR4Itw6qZLX1tliL2xBo1PZDzXYGGgbzwwXBLK2O6Uns9A
160,XUr5Jky_ybCSkM15v0OP5UCun9r4yvdjzNZq5E8-EA-iVQ2n_wT9GL3LO9eiDOMsmLmUr1b-W8uTzg
161,CM3elWT_fx-v17wE5P4zIpVQgGii7ie98a9WrZf1UGA1fgpyqXQBhq79_ox_-1EZm1w2a329pGiywA
162,kXVqtPyy2nWXg_DvhHKj2oISkS9GzGkoK42jxW3wg-gF1e1AiTsK7HYJ0IFX-hEPx_n_IkDa-XeZXA
163,ZO3d7Gy-bYpziGeSsfthgKgusCidzwhEboa3rwW_93ykYXtdd8Paj0GNtDD81yFtrAV_BuWxKcoTWQ
164,T4JnFz16uUiSWUpf4R1RQJiSe8_iqbnDMjYt6_iLhWZftIlWRkhrWrCzV8oIVGKLoByxstOpytLNdA
165,b55utq-QSDAXhvd1xcawPkZmGaAUTnLHPGcCGMBy8G46Mw0EI7OpiU3aZbs7L-yNC7sJfE69wYD1Sg
166,PXdpJYmK3JpB9KNfxMZzWtEKE2DaugTIjB2jDxoNg-kGpQ-je24S5FRb0JN6el7CQ9X2KhAdZr0iNQ
167,abzxlYUbD5wqnB1G8jFgRN9TcmK5s0mkX94ZUItcNUQvba7soA_bE8IxpeTzfUh7woFQe7amJv4-xA
168,AcfQEnzUm2D_YaKjjablwVzt5vd4GAxxH-9SHPmk8r9bsbW7VkzkNNY6H4aomBQymJOY_s66Ghw5yA
169,EJy0Tyfw9sUta84aSPl0vi7SpgUHUvH1WilzypG_WE4MjdMhoRNv9f9duMPAWTLAww71FuqOQYjKaA
170,ZmjVgQNDxcyTc_eM9kh46IWgq-CY_qnCVOnlslJahrRpPDKaYtTf838l7BHFp6fHmyeMLJi7e5LoqA
171,v1592I3Azse5Szj4Tk-59vUue1Yxi5MFiGx3XsgVQFzg4vcb9zme-1h9hBNM3bYeEjI5NgUJiL0pDA
172,ivq0oiIBBSsYT12aua4Z6JHMm5kcuUsbjaNVPEeJhhWVuIU1ErWUH1PqN305MQemOiOkTZT80hMlBg
173,XrEtqpJJ1xhbN1mJ5pXgsgNiOQVC5A9X0drESwf8xlgMaTEjMHCMRlKhddrXdM0QM8GRHgJGwdO9yQ
174,JJFcNBKGwKEhT9ItjDeEMaKRpq-2vaTkmfr4qf5RYMfYQ4WQcEEa0kdPnD5adt5_yTrjEeQFMOYyTQ
175,WkECfsVGMZWrtz5iVrDcH1pGoDW1Ick5ppZ_WAb-EghK-2keHXmidspqux8BG370-2lTo2YNnyKCEw
176,mWyytn_scvFfmqJ4vApsVCt2HFZkbI12ES2xLbIb1W7QN-9hucadl6nTfhI4WZ7SqV8byJb-enVuQw
177,IjnQTUeJ08M1_9yqz1VReQZTdxt6zjRAcJgzV4i3dhourkBzuHURdkEnisRe7AtnZrsVYzFLS1Ir8A
178,zsJ7f3IcjllEtbPqjz4cMUc4hVrWH_fWbjcuALc7k8srs-INox9fgSSIacWzFsCNaIv3JjKMGNC6ug
179,Ft7LLxcYX7iIDosQVlGX-8atZSzl6vBDw3E-FigJlPtrumrSCCKicLbsnBZIbBfcdGazpILgg_oglQ
180,RF6BPXXx3RUOF1-bGEaDyYRvwEko1I-gT3EG5UT8wop5Ubhb6Wg5AZuDqleXXD0ew8K5VcqDduMC0Q
181,gD86eTIxwEG-8LBeDEFVQqv5zj9vSTN-J3ryVOdOZG16m9zYrxciHeLUTZGA6gMjwibNaqE_Vb0YEg
182,CDm6nfutK2j0Iz-I_HDHyc7otZSYjWcyHt8ttid6ndrncyEBYNF0DRseYJvCji038QkKuru94HzeVg
183,uj4_bwDnxWguuFAE91j_RX9wuCjxszmeR2Ep5TKNyFJwgKSjV4T8htsIgTLf2eow0jrwIzBLZYTlMg
184,AEwh3kmWTJFWCvGCzYvn_iypZf83Fe0KivcYb8CNCTTDSA-jDyPkvFvQaFI5r5HL2qW4vqrhhzoCZg
185,ObaNkRZnalmOHMa1caIb-wdG_QK2M7C7qS6ht3UasTD3MoXKYdRSVJlcbMWPlxSbNH_BrCABb6hjqg
186,jAFS_GP8q-sJ85W9NBHhMK9bgmYSNY1HHHQ0XzL088x45tSBZ8U6GzqBMT9CSQ-4ZHtegqYgqtWRvw
187,L6xluTymxVKMu3uSMQzdrI9CzjZ39X941bBuYXe30k82Oj5ohHfZ0-hfGKPh1ixvkT8jWXNGogVoRg
188,g1S02U8ur8dsDbqOA73wP7KNPPuBwZjc_4hrc6dhQgEVMYOA8tS7HlsWszh8smEViSXaGYQrnGW00g
189,Hz3tH6mwdOM3_yf9hsDhjE_KQCnE-XE5ukbXORGmjJrjsP0t7LyMWQNisFq7x-9MVxsSU9wVsyOJXA
190,LoE8DgffsFaWNPsY-7bvaVkmLrKvMQNJKf9yIEXk2qO_hXnt3sP6prtRsNGzCFBd41DoTwrTe9v0kA
191,qC7w9KBYn_sSRmRAIUE_DWC-b5XnWzuNokU556vR9aptvGv_skrLW5eA_yGdB5u-uWmVKUDwDM4Wng
192,6IPUdwK79U_36ZQo9WUAbi4a4kqr0NBAwumtVmD7gOi-088MGn1KedFGLh8pyM_so71y5fcxTlEAsw
193,q_NMuxHWdgkoxQHDtGwlf-xaE4sP7kchLqm3e0tc3aAD-edRGwQFpqqwTQM57m2vFzLlLHPfeIaH6g
194,YUFhJOKAeKFkTQAIau3S8wm4w7VO2naAxC_0j1LMQQMpbqFVTfwLUdSQgrQMn42UnJOqKvRg--S5vQ
195,YStxBAnI6SK_AsIswcO6XFKpP4faPeAIMe63_lpgI3BxGyNaJ7OCyrd0wuaUltNEX71rR31bEs9sbA
196,INMD8OsxuMYbV-WuQmNaLFHlO5N82mN6yKgfA6Jf6Y2YkLFqQJ7qR0P4ZEKCWm4S2wMNJzj4jP_MtA
197,wJFTF01RI_afpFhI9urztxQtbxKPGUUq0AsLvzAWxBi-tVVlwOptydRiPfDP5fOXMnOAn7vmLXSp3Q
198,3GYL5zBND0aLDS95oA22ll0IbhDzRs5BdiLJKVVwut35X0J0QOZhtht9qaRrRoX3itz_hVB-5v_-MA
199,e8l3BdTSjtu_7J1tPM2QzVcsexTuz9rVOc9skTWfeik0Brk3_X1hIrFTgIM12wV71xbLrtRTBTQmVg
200,_sCpTjv68v947ISRoZrNXR5zNwYhgmwqTAfeyXFhVaVT0pz7e-7jqmWJeFN5d5yFMkS8ztTysg3Gxw
201,iOb6P4irDTba3xF5E4WGo4jUc6jwrPthIV84qZKkYEuVrSgQ0L_TSNnJyVrYeaFiZq2AJjI2K1M4SQ
202,gFDxZxlh12AKe2oCT-gHiyeFTvHtD27aM2aGoK1IHMsVDvy_Bun2h6lR6xwuqm-aPYYnO66xTCFfUQ
203,hTpLUZIShrrIwn6jlh5iFp8FJzgOB8kmv7EFIS2stHcB6mr1kNU0KNrn_UWGhKMVJAqHvRbsxaEnPA
204,QRpJtftt_a9SJrYk6Ft1x7INRhQKrFqOBxy5bo7wCciUgn7k1MIk30CI57pSJrS2U_zbVqWpR3kXuA
205,ShKL3QyWGGHOwZy9yBKaLTy5HcXxFDGw7lUXUYscvzcPVzN5kFy2IAbVnK1VYOmU4u8vWzWQwlHN7Q
206,ZY97iRnSP3naM3uKXslwdaoxLzLidq48X2lEkqe63vohtfF2IVt3DKtBFJpFi0DXnIqONjVqrnBxJQ
207,4s68E1r3llDwPmJhKV4jrliYs3OKnq65UO-xciLlR7N17IjdO7jSPwZKUCI6bg2dr9DPmDQoggsZ3A
208,QGBn1halfeuqyZZuzHOSxWpA-RfqbZ7qeaTvTCpUW_nm6wicCgMBreemVwSQfnF5Sje42OKdM3_rMw
209,mWlPILfsy0HjTcGBw5r3EpOUlb2B__rSN94_kVuGioh8Npv6GHc2mNq3mkwihWD346dyXicLOIJlYA
210,1WzRPpLBQHcRERjTjzM9On0yEdkfId_RpAXMTZg-sAdG7_KLdiCr8SMB3nI-6epcoQ3maGyKketD1w
211,naTwX8XSNW6RKp5mopZIaxK71JBWmlEp-J_EjbIxc2cuMG0v2MPPLD3M6b7ltnBd_laXGgohu-QExg
212,3h3y-ogwLL3mlMEGYR0u-BQzSBjBAnzC9-CUW0Ff6BHy4s7y5JOp49cOkJNbm7M3PY--Ee-GDMEJuw
213,owcSwErwyQ9EbWvFBPHbz7_Bab-mfLFqC_cRU5M9rq1m_-Ko3XUrZw6AB1zCS3uun2CfC1cnHDB0FQ
214,ZzryJk4Or9x_PKTO8pyo4EKQFAvycMV1SYCUcTMdxwkgrLAigT2DBTHA9Fk0lz7LXApJ8LQTYZ0lHQ
215,JmBRPfAnE9e5FKwvhqjlFGtbYuulUnWAvbPL5-LXMde8x1auo5F3cExfD8by19SJwVQj4-s2ZSlC_A
216,G1X_Rop0OmMI4Z1MsfPhuUzuhmcpqhcDBqeAebvWPPF5LMEVyHt-G3pDkq60XGg9wObycqdRTbyeQw
217,d_VPWLHxphBiUCjtj9DK46oPKNHS1jExYmMUOAf1PGP9Gy61b8URjnT6KP7oVZLNq3yG8F65ZkvuFA
218,P5U7I8q62MPa_jjpkovqP3bRcK5KTqnKL6lW1bylE4sMdJbt8toLdmw6PwiRPfGUDM1MZVcDFH_R9A
219,4V5-sIc1C76m6EKhYEYS05mVAOx16lJ2lKnM-D0bmDiFK3MLBI59gCZfoCnHq5P0LX_gXXB_4zmZHA
220,Paj1Qxs4lCu5sRlCSQMIAhFrr97cxFsgexwTjCrKgFaRt2PbrhuDwEKfK0iM3lBeFFy2N6RgVO5HTw
221,9N-yW8xDBz1jutywHbJrGz1qT8R_Uw-STcWdTNI2tpO6NTykx4Kb43WgT5cA3HMpr1eZy9pNxDQK4A
222,1gzBqYLKAW6QXLIGm4vbXcGP3S-4WTfDjdSVZQJXspm7nD96RuMIiJdWIAG8t9lFSr6Q6Ivr4e2Pfg
223,CmMouyDiYq2ryCDhTkPFp-dl4mHq-o4ZjOPcmcPMCng6jPc5MteDGFXyc6I2XYpkitRtAABQGgHB0Q
224,3FAjEKUHsW6SCXu-1rRkaV21BKuJWihNSYT779XpqXW9C-dFtxyK3g0j_N5RXSSG_InEhMi8d0NJBg
225,8ducEoeXtdlyuNT0aFPceSuJC5bZbH4nJs-2et48sHXey1IaYhqf8MTKg7pRQqqTD8DK-2EVm3zaAA
226,5TbWGUBf4GRzTmfMpC_y3h9gxKHkQmVtAzGofiv_EzNpzbvazgV0-tJDySiOSEKO9fCyL-hmzeyGXw
227,5rqSmgTG970LGYBWofaAt8dQIi8j_iS3LCSmwtC83q0hEw9rW1cBkIGgCHoziB3474z-BBYxRtXbYg
228,9d7AzTm0f9ykDCnOrw_uNsSJ_WyrNYl-Uz58VsEJTg-SWSH6pZKO2PLrKIXs9JZeyBF2QdCxK4h4mg
229,X5e_QWA_OZui_cHSed9fhrcW-Yqxb0W-ImtHhEYY6Yd2J9HVodMEm4wEgU8YtPTMd4OYrtnyAah6Sw
230,UTNI_S7xA1uOydIH2562sT_S2LisUgtP-ngdIXynDnuza6abz60K8z_91UggjrWeXPxY4wnnOr6B4w
231,4xziL3YQ5etUnptZE3Q4LQoQjJw4UFNLTy_myS_5vJoA91nUhPkeoEZhdugFZIt_n9mlsjYmeTVMCA
232,GtfAvb9eKx7lHgrwgSR8XNwJUjNjYjvmxYQ4nH57nbbTme1ZBfZbbPH_7UhvniPMPZettDcb1tCckA
233,xbxvmpoTP8uvnbWS8PrC6Y38xAHhxuGAxiEkt20ujdILX0totcQk7kcJyog3AeGo1ol4YIqGOAWm2g
234,38eAiPGo6MIBEYJQlk5v_8uhSjVLt6FSLCr5pt9hpDMg7qFGQU6b9zwwWPfz3FAP_NpHDlLQ-bezMA
235,rATFZkM7-VVeks_22NSxwgbQOj0wBOONNgyvoA7DFaaDhhLF05dGgSC55VPnc0DQqL7w3Mrw6sTWsQ
236,Q5Ksg3b9F7M3Ce0L0MNs_PSkPvvFMeH_eb53a8ma3fr_9NEJpvsSWD-JE5ILh81k_VbzjPnvWl5nGQ
237,JYDmNkMm5D7V4N2jnGQrA9Oxyv4RARbzqGfz7Rlzd3Gx6Qe1czxHHseqtCDnyfabtZSFCJri98nTUA
238,AgK_oD7_xWzMCw_y0u55pDfBUHcIJGtyNNXdgnGpOsW0_WLSSs98sC_37HFFWY0E0LPeFxkyDiwdQA
239,xd-0rACnZx0yPiQp77VKluW-gTF0TCrkkeE8JvMPmdam3oL1GUBRhpAgw5kGBLH0AMbIt0AZkxU80A
240,fT98AIkhec7CfaUdMqC7rlBJQuL34avEyWmMDuPm9IGNMT-k9FFzgNvNBZEHAATYsyKbGtfJWfUjxw
241,ZNzX3tI25XUiYcXELqFA-m5Wmds0T-FPslnC5yV0qF1_AFQg7QfyfWGznFGpzqu4h8xuxTai-RKI0A
242,r0HUL4WM7llL0AGaG4el24Rv6jfXy3B3SCS5Cem-4uqS1l9uPztIkzDokIbusU_FQwogTdTCw8hBRw
243,s2_zBWfJkqX1q6As-K3k01s1M6Btgb4O8ZqAE-pb4ubkF0V5GnuRo12ZadYGbOAym6HNCkBe1VGgqw
244,uHp_Y7wD04qxP9BpKa9fijlGuWfoQvKmC6Kh5Y7qqDGuW6thGGVp3CdHe9ga-zXr8vh1xBqYecMuQg
245,7ODrnPZ0dND_Bqx54OBXhTt9DfCAfHWcnZrwSyhgtNCRlooKqqBiOHOZAa5AAOOEASvwtzhBZQPlUg
246,CfgHKkumgwqCKONG4HGZTyddci6HhW9-fpGPSDvpd3sR0IbyAEAbyqYDexCLgL4PcxmOGBNAip2eSg
247,4nIihqEAQv8MSdfsxJ6nrJFvHQhOCfCmKglCbItvsydg5bTRRzuq91vu58cEsqbnQfQJOjDIoI2Ljw
248,BclvHAak2nXBdbUVxeCXCVmv3Ud0eCbrxXLn960XbTT1qTut-tr6D0HLrfA7RSIc1d1nu1Rm9FwpWA
249,bX3UiGN4ULOEh354k3OZu7rcsA4LuccLIf7FC6ceeYCpdHClK82CwIuyFuwCA-GqAolg7m_xcymS8g
250,JWald9SEH_IheypthB9sLIkLTqvdb7AnbWPJwKq9H-ZN3wvuyuAZ43rU_kDIeX0gkug92HvGjWOVgA
251,Et77eRRIuesrOdb78qVk6_b6g7QYZwzowCAOxSzcLt-24i979I7R97fraEw-KSb459OutBYA3P0-bg
252,zvjDIRGFtl4QELTSwnttW8pAqXuCmgX5LRUfMJcjTXVvqo4nsb3eA7NC_jqyiXoqLk4o9Db09UARQA
253,E_wLa5JCmwyYRYTpVpW7Uh5ntNAQ2_iHdH_qWwMQLr41D_ZWzZZEMYXmzvD0H--zHZcjjPeaYeQ0Cg
254,JNOPP2A1OCr9KINply4yjgyEpFESpAOZI38YJoq0Zs2CyytV_vg1dT0O5qk8r2nanZ1q_Qjb_iny2g
255,5CUwMrxAWK3eMzNMwdaL2_TiCoZVq8Us_vIamvsCjvCCaR2R9iLjflCH8aZ0mSrk3W8_mtxpfiVrHA
256,xrPZWdovSkxLbffgOuA46kW9baAt4nFfHImS_wUi1DWhvmNmfPBH2N5EqW_p_Pe6DTM-ZfOFsyo51g
257,r0ACKezY5ZWOngfS6drQytDE2Z79yKN83_NF8YL6OLzHmjYAvOLiFp4sshFPW3hfvSrtmONZXypfuQ
258,i_6YGYkukB-RNtcJZ00JE7Hr4LPxU9jRKFh7hQlDFba5RpHY2IHz4ZIe6ys_Q6iQPrYqCVPHpL5eHw
259,UScUvW79mni5NZaUNn0KcuecCIqCDfZ9TeZruVz8UvbtPU8Kw8RZhkImXWu3vh9Cu_LHeQ_YOGYJSw
260,JKj6oyJ8Av4ff1sfybU0Eu9DKiI9oi8CsDBKmFZo9OCGRzWaFRHib2hJVbZfcW82b91YnjtwOEiteA
261,YEcxkQKmHUp17xXQy-WCQz97HksIqWFzau2_VfCA9VLykotuNj3XURP5sSmlTqLboiklRbMUM13Xmg
262,foTXGE6XQuQjBE-dvomae3wGIu-Kfr_fkEGTHH4dpvwlZ7jBH_T9twxqityIX_0ycqBe631JkcGiyg
263,4T2WlTF4LM7u0I8qheQmSdTevPJeozl4JVrsrVn7Ylmz9iOEGX59eA7d2_9_twxw4PSpbZh1LdL2fQ
264,IwnYsUk0Zh5peBBZR5u091QdeZYtKAM4iqJCcaNscMJraaG2tTAzVoBXljGVeNQfvg22k8FRUScoWw
265,W5raBkgShyFjWshSwvVTqF024MRtqQhro60pnUsZCgQN6u3E78_N6biQAsFsjxSNCBuGJLWiDcLDuw
266,eo8AaZ1NCXbTBpdwz3oBOP14_8MQHI4bVztlxdU9-8kzuX356E6EbbPBcyTv-IScZl1vwe1FvJtiSg
267,N6UPZyUUnTW4JoCJ9FFQb5ZX4Gb4VdKSdFZks1BRZHbwF1I-6Gb3Tgg39lykEpBVVp4SLxzl2Cn4wQ
268,xpEzt3EE7RQl2OmdnIiVQr5sZpYTxeSjkWxtv8jHaO4MHejWAbYm6BQyPuqxCM5rrjXqs__o2utVVA
269,8RYG-1HrpJQRcJHRavDq3rEvDuO0RbiIWouN9beEPYLRZmnyGqvTkn0-QwzBz3BhaPRFCVIT6wFrMg
270,NeLG0WqLBOjPeUN5bM1h_6mCQpzrYa5IXgPOy51uVevKfK4FgdgTvhlNwuusdzpO3r6jIWsA32SFPA
271,7EMH-9WvtHIYGZzdWW-NBmPuDZC3B9UI9uLkvL91LdDC0WXE14nIohnD_Ciao95iQXe_AGMjZ6Owrg
272,Q6BtfaG-jUfBmiaJhC6gaPmuP8pGcMt0r4WEvd_tLcgat-QF8TcZykxqThyxUNlLmZ6SZNKm5K69AQ
273,U-Il6ArkUVP-4GFNBkZJ60O4I4La0rzHNtzruaQCajj_2LAAs-IuvhsS1w9aobmOIRQM0NVM8hoLEw
274,CGRdv7e4-jLeBgSSaZY_SbkcPtkjjf3j-6f2RFzdCWN-w5ZH4ZNBaDZP8xKvBwr8RRCHb9rC0oPmYQ
275,gOnnycvvS02g-hM2S62cX3y0wXOUQIeD_tG7V2BsRwzyl4I4ZrXPaNXbzXAeFjCaffWcVxgwL5iTOQ
276,w3xwHYNEsSwIFUJZAOPqcP8EfMKm9ez8M_-h7Th-L3-zBmyWSFu95gg4WafpVHq5Yj_qIRVX3TcLKA
277,yluWcV_Oca1wtJzFZnqCiNNhxszk69Tb7WBdkYk7QCSPyFmSvzAtZh-fHe0TS2OgVh1SMQFsvoBKCw
278,OHbDD4C0PFj9KgtugRzt-zktfytzZd28xKHfEwbRT1Tejx39QTSloOys_y4oTtxkUB9CTIv0gn21eg
279,UZrEH4r9yz1It3WZYlByyxN4f_Evor4RDgpep8OdC3BPFRAtzlM8wdrQyIkz3smxnhKGuxS-IxczPw
280,_ag2ZcrPF6GXWc_351AAjM7r1Yv9pUs3cTeN7JRtrtrYxrHqTFUaqSIOpRUTp-uoj3lSYl2vZEJMhQ
281,TWH0LoSvOLkNn-Kmck1pjsW90IFFbJPUjdpW7Z2NsB4NTjbr0A4dh1pMnKqlV5FF8M7eDPGcvcGnuQ
282,CgAFFJ9v0qq6qwid0Y1tdaoubOxh4S64Envv7y_NroWLFqKY_l8uFYrGeO2aIG5xSAR9LsDcnnL1_w
283,yvO9gIFJNhprGQPR10nHpF7BzaqnBv4MWHZrSIJ2NKlXtPFnx-qa0OM74BRjaLdSglGJZIapsYuFjw
284,7UEsWCvp8eN7A8GUw_Y1LG6F0cK8PyK4sReMo8P_o2hGdDwmL3xD4btczrc2rpfn1o6dJza5OOUAvw
285,F2x98KQbR7J8H03DedD-cuaUxKYQ7YA6CehHrKtbkrH_AEcBwrZxB08Eaejwx6okfPltVZ_cpSSwcg
286,mlj_RrwZ-9WfbMAYrI18UtuDQgk77mgGzbSxvUlw69CDFKsFnF2aKfPZBHK7lXXeKAjSbUlss41Jdw
